<?xml version="1.0" encoding="utf-8"?>
<edmx:Edmx xmlns:edmx="http://docs.oasis-open.org/odata/ns/edmx" Version="4.0">
	<edmx:Reference Uri="/sap/bc/ui5_ui5/ui2/ushell/resources/sap/ushell/components/factsheet/vocabularies/UI.xml">
		<edmx:Include Alias="UI" Namespace="com.sap.vocabularies.UI.v1"/>
	</edmx:Reference>
	<edmx:Reference Uri="/sap/opu/odata/sap/ZSKILL_MATRIX_TOOL_SRV_01/$metadata">
		<edmx:Include Alias="ZSKILL_MATRIX_TOOL_SRV_01" Namespace="ZSKILL_MATRIX_TOOL_SRV_01"/>
	</edmx:Reference>
	<edmx:DataServices>
		<Schema xmlns="http://docs.oasis-open.org/odata/ns/edm" Namespace="ZSKILL_MATRIX_TOOL.ZSKILL_MATRIX_TOOL_SRV_01">
			<!--===============================================================================
                Entity Type from chosen collection 
                ================================================================================-->
			<Annotations Target="ZSKILL_MATRIX_TOOL_SRV_01.ZSKILLMATRIX_C_USERSType">
				<Annotation Term="UI.PresentationVariant">
					<Record Type="UI.PresentationVariantType">
						<PropertyValue Property="RequestAtLeast">
							<Collection>
								<PropertyPath>to_UserSkills/short_name</PropertyPath>
							</Collection>
						</PropertyValue>
					</Record>
				</Annotation>
				<Annotation Term="UI.Facets">
					<Collection>
						<Record Type="UI.CollectionFacet">
							<PropertyValue Property="ID" String="GeneralInformation"/>
							<PropertyValue Property="Label" String="{@i18n&gt;@GeneralInfoFacetLabel}"/>
							<PropertyValue Property="Facets">
								<Collection>
									<Record Type="UI.ReferenceFacet">
										<PropertyValue Property="Label" String="{@i18n&gt;@GeneralInfoFacetLabel}"/>
										<PropertyValue Property="Target" AnnotationPath="@UI.Identification"/>
									</Record>
								</Collection>
							</PropertyValue>
						</Record>
						<Record Type="UI.ReferenceFacet">
							<PropertyValue Property="Target" AnnotationPath="to_UserSkills/@UI.LineItem"/>
							<PropertyValue Property="Label" String="{@i18n&gt;SKILLS}"/>
						</Record>
						<Record Type="UI.ReferenceFacet">
							<PropertyValue Property="Target" AnnotationPath="to_UserCert/@UI.LineItem"/>
							<PropertyValue Property="Label" String="{@i18n&gt;CERTIFICATES}"/>
						</Record>
						<Record Type="UI.ReferenceFacet">
							<PropertyValue Property="Target" AnnotationPath="to_UserVouc/@UI.LineItem"/>
							<PropertyValue Property="Label" String="{@i18n&gt;VOUCHERS}"/>
						</Record>
					</Collection>
				</Annotation>
			</Annotations>
		</Schema>
	</edmx:DataServices>
</edmx:Edmx>