<edmx:Edmx xmlns:edmx="http://schemas.microsoft.com/ado/2007/06/edmx"
	xmlns:m="http://schemas.microsoft.com/ado/2007/08/dataservices/metadata" xmlns:sap="http://www.sap.com/Protocols/SAPData" Version="1.0">
	<edmx:Reference xmlns:edmx="http://docs.oasis-open.org/odata/ns/edmx"
		Uri="https://sap/opu/odata/IWFND/CATALOGSERVICE;v=2/Vocabularies(TechnicalName='%2FIWBEP%2FVOC_COMMON',Version='0001',SAP__Origin='E40CLNT100_ALS')/$value"><edmx:Include Namespace="com.sap.vocabularies.Common.v1" Alias="Common"/></edmx:Reference>
	<edmx:Reference xmlns:edmx="http://docs.oasis-open.org/odata/ns/edmx"
		Uri="https://sap/opu/odata/IWFND/CATALOGSERVICE;v=2/Vocabularies(TechnicalName='%2FIWBEP%2FVOC_CAPABILITIES',Version='0001',SAP__Origin='E40CLNT100_ALS')/$value"><edmx:Include Namespace="Org.OData.Capabilities.V1" Alias="Capabilities"/></edmx:Reference>
	<edmx:Reference xmlns:edmx="http://docs.oasis-open.org/odata/ns/edmx"
		Uri="https://sap/opu/odata/IWFND/CATALOGSERVICE;v=2/Vocabularies(TechnicalName='%2FIWBEP%2FVOC_COMMUNICATION',Version='0001',SAP__Origin='E40CLNT100_ALS')/$value"><edmx:Include Namespace="com.sap.vocabularies.Communication.v1" Alias="Communication"/></edmx:Reference>
	<edmx:DataServices m:DataServiceVersion="2.0">
		<Schema xmlns="http://schemas.microsoft.com/ado/2008/09/edm" Namespace="ZSKILL_MATRIX_TOOL_SRV_01" xml:lang="en" sap:schema-version="1">
			<EntityType Name="ZKILLMATRIX_C_USERVOCType" sap:label="User Vouchers Object Table" sap:content-version="1">
				<Key><PropertyRef Name="VOUCHER_GUID"/></Key><Property Name="VOUCHER_GUID" Type="Edm.Guid" Nullable="false" sap:display-format="UpperCase" sap:label="GUID 16"
					sap:quickinfo="GUID in 'CHAR' Format in Uppercase"/><Property Name="CERT_BY_DATE" Type="Edm.DateTime" Precision="0" sap:display-format="Date" sap:label="Date"
					sap:quickinfo="Field of type DATS"/><Property Name="VOUC_ISSUED_DATE" Type="Edm.DateTime" Precision="0" sap:display-format="Date" sap:label="Date"
					sap:quickinfo="Field of type DATS"/><Property Name="USER_ID" Type="Edm.Int16" sap:label="Users ID" sap:quickinfo="ID of Users"/></EntityType>
			<EntityType Name="ZSKILLMATRIX_C_USERCERTType" sap:label="User Certificates Object Table" sap:content-version="1">
				<Key><PropertyRef Name="CERT_GUID"/></Key><Property Name="CERT_GUID" Type="Edm.Guid" Nullable="false" sap:display-format="UpperCase" sap:label="GUID 16"
					sap:quickinfo="GUID in 'CHAR' Format in Uppercase"/><Property Name="CERT_NAME" Type="Edm.String" MaxLength="50" sap:label="Name"/><Property Name="DESCRIPTION" Type="Edm.String" MaxLength="255" sap:display-format="UpperCase" sap:label="Description"/><Property Name="CERTIFIDEON" Type="Edm.DateTime" Precision="0" sap:display-format="Date" sap:label="Date" sap:quickinfo="Field of type DATS"/><Property Name="EXP_AREA_NAME" Type="Edm.String" MaxLength="50" sap:label="Name"/><Property Name="certificates_id" Type="Edm.Int16" sap:label="Users ID" sap:quickinfo="ID of Users"/><Property Name="exp_ar_id" Type="Edm.String" MaxLength="15" sap:display-format="UpperCase" sap:label="ID" sap:quickinfo="Skill ID"/><Property Name="EXP_AREA_DESCRIPTION" Type="Edm.String" MaxLength="255" sap:display-format="UpperCase" sap:label="Description"/><Property Name="user_id" Type="Edm.Int16" sap:label="Users ID" sap:quickinfo="ID of Users"/></EntityType>
			<EntityType Name="ZSKILLMATRIX_C_USERSType" sap:label="Skill Matrix App : Users" sap:content-version="1">
				<Key><PropertyRef Name="user_id"/></Key><Property Name="user_id" Type="Edm.Int16" Nullable="false" sap:label="Users ID" sap:quickinfo="ID of Users"/><Property Name="EXP_AREA_NAME" Type="Edm.String" MaxLength="50" sap:label="Expertise Area" sap:quickinfo="Name"/><Property Name="short_name" Type="Edm.String" MaxLength="50" sap:label="Short Skill Name" sap:quickinfo="Name"/><Property Name="EmployeeName" Type="Edm.String" MaxLength="511" sap:display-format="UpperCase" sap:label="Employee"/><Property Name="User_SpId" Type="Edm.String" MaxLength="15" sap:display-format="UpperCase" sap:label="Speciality" sap:quickinfo="Skill ID"/><Property Name="SkillLevel" Type="Edm.String" MaxLength="306" sap:display-format="UpperCase" sap:label="Skill &amp; Level"/><Property Name="Guild_Name" Type="Edm.String" MaxLength="50" sap:label="Guild" sap:quickinfo="Name"/><NavigationProperty Name="to_UserCert" Relationship="ZSKILL_MATRIX_TOOL_SRV_01.assoc_05029AE93439C53B46AD284F7A6E44F6"
					FromRole="FromRole_assoc_05029AE93439C53B46AD284F7A6E44F6" ToRole="ToRole_assoc_05029AE93439C53B46AD284F7A6E44F6"/><NavigationProperty Name="to_UserSkills" Relationship="ZSKILL_MATRIX_TOOL_SRV_01.assoc_21E13C326A02A1B4E29685C8AE133CCC"
					FromRole="FromRole_assoc_21E13C326A02A1B4E29685C8AE133CCC" ToRole="ToRole_assoc_21E13C326A02A1B4E29685C8AE133CCC"/><NavigationProperty Name="to_UserVouc" Relationship="ZSKILL_MATRIX_TOOL_SRV_01.assoc_46F80F8BE607CC9CEF4B3689A73707D2"
					FromRole="FromRole_assoc_46F80F8BE607CC9CEF4B3689A73707D2" ToRole="ToRole_assoc_46F80F8BE607CC9CEF4B3689A73707D2"/></EntityType>
			<EntityType Name="ZSKILLMATRIX_C_USERSKILLSType" sap:label="User Skills Object Table" sap:content-version="1">
				<Key><PropertyRef Name="User_Guid"/></Key><Property Name="User_Guid" Type="Edm.Guid" Nullable="false" sap:display-format="UpperCase" sap:label="GUID 16"
					sap:quickinfo="GUID in 'CHAR' Format in Uppercase"/><Property Name="EXP_AREA_NAME" Type="Edm.String" MaxLength="50" sap:label="Name"/><Property Name="CATEGORY_NAME" Type="Edm.String" MaxLength="50" sap:label="Name"/><Property Name="LEVEL_NAME" Type="Edm.String" MaxLength="50" sap:label="Name"/><Property Name="LONG_NAME" Type="Edm.String" MaxLength="255" sap:display-format="UpperCase" sap:label="Description"/><Property Name="IS_HOT_SKILL" Type="Edm.Boolean" sap:display-format="UpperCase" sap:label="" sap:quickinfo="Checkbox"/><Property Name="CATEGORY_DESCRIPTION" Type="Edm.String" MaxLength="255" sap:display-format="UpperCase" sap:label="Description"/><Property Name="category_id" Type="Edm.String" MaxLength="15" sap:display-format="UpperCase" sap:label="ID" sap:quickinfo="Skill ID"/><Property Name="exp_ar_id" Type="Edm.String" MaxLength="15" sap:display-format="UpperCase" sap:label="ID" sap:quickinfo="Skill ID"/><Property Name="EXP_AREA_DESCRIPTION" Type="Edm.String" MaxLength="255" sap:display-format="UpperCase" sap:label="Description"/><Property Name="LEVEL_DESC" Type="Edm.String" MaxLength="255" sap:display-format="UpperCase" sap:label="Description"/><Property Name="level_id" Type="Edm.String" MaxLength="15" sap:display-format="UpperCase" sap:label="ID" sap:quickinfo="Skill ID"/><Property Name="short_name" Type="Edm.String" MaxLength="50" sap:label="Name"/><Property Name="skills_id" Type="Edm.String" MaxLength="15" sap:display-format="UpperCase" sap:label="ID" sap:quickinfo="Skill ID"/><Property Name="user_id" Type="Edm.Int16" sap:label="Users ID" sap:quickinfo="ID of Users"/></EntityType>
			<Association Name="assoc_21E13C326A02A1B4E29685C8AE133CCC" sap:content-version="1"><End Type="ZSKILL_MATRIX_TOOL_SRV_01.ZSKILLMATRIX_C_USERSType" Multiplicity="1" Role="FromRole_assoc_21E13C326A02A1B4E29685C8AE133CCC"/><End Type="ZSKILL_MATRIX_TOOL_SRV_01.ZSKILLMATRIX_C_USERSKILLSType" Multiplicity="*" Role="ToRole_assoc_21E13C326A02A1B4E29685C8AE133CCC"/></Association>
			<Association Name="assoc_46F80F8BE607CC9CEF4B3689A73707D2" sap:content-version="1"><End Type="ZSKILL_MATRIX_TOOL_SRV_01.ZSKILLMATRIX_C_USERSType" Multiplicity="1" Role="FromRole_assoc_46F80F8BE607CC9CEF4B3689A73707D2"/><End Type="ZSKILL_MATRIX_TOOL_SRV_01.ZKILLMATRIX_C_USERVOCType" Multiplicity="*" Role="ToRole_assoc_46F80F8BE607CC9CEF4B3689A73707D2"/></Association>
			<Association Name="assoc_05029AE93439C53B46AD284F7A6E44F6" sap:content-version="1"><End Type="ZSKILL_MATRIX_TOOL_SRV_01.ZSKILLMATRIX_C_USERSType" Multiplicity="1" Role="FromRole_assoc_05029AE93439C53B46AD284F7A6E44F6"/><End Type="ZSKILL_MATRIX_TOOL_SRV_01.ZSKILLMATRIX_C_USERCERTType" Multiplicity="*" Role="ToRole_assoc_05029AE93439C53B46AD284F7A6E44F6"/></Association>
			<EntityContainer Name="ZSKILL_MATRIX_TOOL_SRV_01_Entities" m:IsDefaultEntityContainer="true" sap:supported-formats="atom json xlsx"><EntitySet Name="ZKILLMATRIX_C_USERVOC" EntityType="ZSKILL_MATRIX_TOOL_SRV_01.ZKILLMATRIX_C_USERVOCType" sap:creatable="false"
				sap:updatable="false" sap:deletable="false" sap:content-version="1"/><EntitySet Name="ZSKILLMATRIX_C_USERCERT" EntityType="ZSKILL_MATRIX_TOOL_SRV_01.ZSKILLMATRIX_C_USERCERTType" sap:creatable="false"
				sap:updatable="false" sap:deletable="false" sap:content-version="1"/><EntitySet Name="ZSKILLMATRIX_C_USERS" EntityType="ZSKILL_MATRIX_TOOL_SRV_01.ZSKILLMATRIX_C_USERSType" sap:creatable="false"
				sap:deletable="false" sap:content-version="1"/><EntitySet Name="ZSKILLMATRIX_C_USERSKILLS" EntityType="ZSKILL_MATRIX_TOOL_SRV_01.ZSKILLMATRIX_C_USERSKILLSType" sap:creatable="false"
				sap:updatable="false" sap:deletable="false" sap:content-version="1"/>
				<AssociationSet Name="assoc_05029AE93439C53B46AD284F7A6E44F6" Association="ZSKILL_MATRIX_TOOL_SRV_01.assoc_05029AE93439C53B46AD284F7A6E44F6"
					sap:creatable="false" sap:updatable="false" sap:deletable="false" sap:content-version="1"><End EntitySet="ZSKILLMATRIX_C_USERS" Role="FromRole_assoc_05029AE93439C53B46AD284F7A6E44F6"/><End EntitySet="ZSKILLMATRIX_C_USERCERT" Role="ToRole_assoc_05029AE93439C53B46AD284F7A6E44F6"/></AssociationSet>
				<AssociationSet Name="assoc_21E13C326A02A1B4E29685C8AE133CCC" Association="ZSKILL_MATRIX_TOOL_SRV_01.assoc_21E13C326A02A1B4E29685C8AE133CCC"
					sap:creatable="false" sap:updatable="false" sap:deletable="false" sap:content-version="1"><End EntitySet="ZSKILLMATRIX_C_USERS" Role="FromRole_assoc_21E13C326A02A1B4E29685C8AE133CCC"/><End EntitySet="ZSKILLMATRIX_C_USERSKILLS" Role="ToRole_assoc_21E13C326A02A1B4E29685C8AE133CCC"/></AssociationSet>
				<AssociationSet Name="assoc_46F80F8BE607CC9CEF4B3689A73707D2" Association="ZSKILL_MATRIX_TOOL_SRV_01.assoc_46F80F8BE607CC9CEF4B3689A73707D2"
					sap:creatable="false" sap:updatable="false" sap:deletable="false" sap:content-version="1"><End EntitySet="ZSKILLMATRIX_C_USERS" Role="FromRole_assoc_46F80F8BE607CC9CEF4B3689A73707D2"/><End EntitySet="ZKILLMATRIX_C_USERVOC" Role="ToRole_assoc_46F80F8BE607CC9CEF4B3689A73707D2"/></AssociationSet>
			</EntityContainer><atom:link xmlns:atom="http://www.w3.org/2005/Atom" rel="self" href="./sap/ZSKILL_MATRIX_TOOL_SRV_01/$metadata"/><atom:link xmlns:atom="http://www.w3.org/2005/Atom" rel="latest-version" href="./sap/ZSKILL_MATRIX_TOOL_SRV_01/$metadata"/></Schema>
	</edmx:DataServices>
</edmx:Edmx>