<edmx:Edmx xmlns:edmx="http://docs.oasis-open.org/odata/ns/edmx" Version="4.0">
	<edmx:Reference
		Uri="../../catalogservice;v=2/Vocabularies(TechnicalName='%2FIWBEP%2FVOC_COMMON',Version='0001',SAP__Origin='E40CLNT100_ALS')/$value"><edmx:Include Namespace="com.sap.vocabularies.Common.v1" Alias="Common"/></edmx:Reference>
	<edmx:Reference
		Uri="../../catalogservice;v=2/Vocabularies(TechnicalName='%2FIWBEP%2FVOC_UI',Version='0001',SAP__Origin='E40CLNT100_ALS')/$value"><edmx:Include Namespace="com.sap.vocabularies.UI.v1" Alias="UI"/></edmx:Reference>
	<edmx:Reference
		Uri="../../catalogservice;v=2/Vocabularies(TechnicalName='%2FIWBEP%2FVOC_COMMUNICATION',Version='0001',SAP__Origin='E40CLNT100_ALS')/$value"><edmx:Include Namespace="com.sap.vocabularies.Communication.v1" Alias="Communication"/></edmx:Reference>
	<edmx:Reference Uri="../../../sap/zskill_matrix_tool_srv_01/$metadata"><edmx:Include Namespace="ZSKILL_MATRIX_TOOL_SRV_01" Alias="SAP"/></edmx:Reference>
	<edmx:DataServices>
		<Schema xmlns="http://docs.oasis-open.org/odata/ns/edm" Namespace="zskill_matrix_tool_anno_mdl_01.v1">
			<Annotations Target="ZSKILL_MATRIX_TOOL_SRV_01.ZKILLMATRIX_C_USERVOCType">
				<Annotation Term="UI.LineItem">
					<Collection>
						<Record Type="UI.DataField"><PropertyValue Property="Value" Path="CERT_BY_DATE"/></Record>
						<Record Type="UI.DataField"><PropertyValue Property="Value" Path="VOUC_ISSUED_DATE"/></Record>
					</Collection>
				</Annotation>
			</Annotations>
			<Annotations Target="ZSKILL_MATRIX_TOOL_SRV_01.ZSKILLMATRIX_C_USERCERTType">
				<Annotation Term="UI.LineItem">
					<Collection>
						<Record Type="UI.DataField"><PropertyValue Property="Value" Path="CERT_NAME"/></Record>
						<Record Type="UI.DataField"><PropertyValue Property="Value" Path="DESCRIPTION"/></Record>
						<Record Type="UI.DataField"><PropertyValue Property="Value" Path="CERTIFIDEON"/></Record>
						<Record Type="UI.DataField"><PropertyValue Property="Value" Path="EXP_AREA_NAME"/></Record>
					</Collection>
				</Annotation>
			</Annotations>
			<Annotations Target="ZSKILL_MATRIX_TOOL_SRV_01.ZSKILLMATRIX_C_USERSType/user_id"><Annotation Term="UI.Hidden"/></Annotations>
			<Annotations Target="ZSKILL_MATRIX_TOOL_SRV_01.ZSKILLMATRIX_C_USERSType">
				<Annotation Term="UI.HeaderInfo">
					<Record><PropertyValue Property="TypeName" String="Contract"/><PropertyValue Property="TypeNamePlural" String="Contracts"/>
						<PropertyValue Property="Title">
							<Record Type="UI.DataField"><PropertyValue Property="Value" Path="EmployeeName"/></Record>
						</PropertyValue>
						<PropertyValue Property="Description">
							<Record Type="UI.DataField"><PropertyValue Property="Value" Path="User_SpId"/></Record>
						</PropertyValue>
					</Record>
				</Annotation>
				<Annotation Term="UI.LineItem">
					<Collection>
						<Record Type="UI.DataField"><PropertyValue Property="Value" Path="EmployeeName"/></Record>
						<Record Type="UI.DataField"><PropertyValue Property="Value" Path="User_SpId"/></Record>
						<Record Type="UI.DataField"><PropertyValue Property="Value" Path="SkillLevel"/></Record>
						<Record Type="UI.DataField"><PropertyValue Property="Value" Path="Guild_Name"/></Record>
					</Collection>
				</Annotation>
				<Annotation Term="UI.SelectionFields">
					<Collection>
						<PropertyPath>EXP_AREA_NAME</PropertyPath>
						<PropertyPath>short_name</PropertyPath>
					</Collection>
				</Annotation>
			</Annotations>
			<Annotations Target="ZSKILL_MATRIX_TOOL_SRV_01.ZSKILLMATRIX_C_USERSKILLSType">
				<Annotation Term="UI.LineItem">
					<Collection>
						<Record Type="UI.DataField"><PropertyValue Property="Value" Path="EXP_AREA_NAME"/></Record>
						<Record Type="UI.DataField"><PropertyValue Property="Value" Path="CATEGORY_NAME"/></Record>
						<Record Type="UI.DataField"><PropertyValue Property="Value" Path="LEVEL_NAME"/></Record>
						<Record Type="UI.DataField"><PropertyValue Property="Value" Path="LONG_NAME"/></Record>
						<Record Type="UI.DataField"><PropertyValue Property="Value" Path="IS_HOT_SKILL"/></Record>
					</Collection>
				</Annotation>
			</Annotations>
		</Schema>
	</edmx:DataServices>
</edmx:Edmx>